,job_no,roles,companies,locations,experience,salaries,skills
0,1,"data scientist, marketing",coursera,"kolkata, mumbai, new delhi, hyderabad/secunderabad, pune, chennai, bangalore/bengaluru",4-6 yrs,not disclosed,"data analysis,data science,troubleshooting,analytics,monitoring,sql,python,salesforce"
1,2,data scientist,tech mahindra,"hybrid - hyderabad, pune, bengaluru",6-10 yrs,not disclosed,"ml engineer,deep learning,generarative ai,genai,mlops,ml ops,natural language processing,cloud"
2,3,data scientist-senior associate - p&t labs,pwc service delivery center,"mumbai, hyderabad, bengaluru",4-6 yrs,not disclosed,"automation,gcp,analytical,process improvement,machine learning,signal processing,data mining,sql"
3,4,data scientist,infosys,"hybrid - hyderabad, pune, bengaluru",4-8 yrs,not disclosed,"oops,machine learning,python,data,machine"
4,5,data scientist hthd,ford,"kolkata, mumbai, new delhi, hyderabad, pune, chennai, bengaluru",1-4 yrs,not disclosed,"computer science,gcp,analytical,artificial intelligence,agile,algorithm development,business solutions,operations"
5,6,nlp data scientist - real world data (rwd),agilite global solutions,"kolkata, mumbai, new delhi, hyderabad/secunderabad, pune, chennai, bangalore/bengaluru",7-8 yrs,not disclosed,"computer science,health insurance,pharma,analytical,agile,healthcare,life sciences,open source"
6,7,ds - nlp expert,genpact,"hyderabad, telangana, gurugram, haryana, bangalore/ bengaluru, karnataka",6-11 yrs,not disclosed,"natural language processing,nltk,rnn,lstm,llms,artificial intelligence,text mining,bert"
7,8,generative ai data scientist,genpact,"hyderabad, gurugram, bengaluru",8-13 yrs,not disclosed,"generative ai,llm,predictive modeling,natural language processing,computer vision,machine learning,processing,vision"
8,9,advisory service senior consultant - data scientist,optum,hyderabad,8-12 yrs,not disclosed,"machine learning,algorithms,data science,natural language processing,pandas,scikit-learn,data structures,spark"
9,10,lead data scientist,cornerstone,"mumbai, hyderabad, pune",6-9 yrs,not disclosed,"artificial intelligence,natural language processing,machine learning,processing,intelligence,languages,process,machine"
10,11,principal data scientist,optum,hyderabad,7-12 yrs,not disclosed,"career development,deep learning,diversity and inclusion,machine learning,manager technology,healthcare,subject matter expertise,forecasting"
11,12,advisory service senior consultant- data scientist,optum,hyderabad,8-9 yrs,not disclosed,"mining,statistical programming,computer science,career development,business transformation,team management,machine learning,issue resolution"
12,13,hexaware_ looking immediate joiners -data scientist nlp/genai_panindia,hexaware technologies,"hybrid - navi mumbai, pune, chennai",4-9 yrs,not disclosed,"genai,llm,data scientist,transformers,bert,machine learning,deep learning,data science"
13,14,data scientist,response informatics,"kolkata, mumbai, new delhi, hyderabad, pune, chennai, bengaluru",0-5 yrs,not disclosed,"deep learning,tdd,deployment,natural language processing,test driven development,mongodb,sql,python"
14,15,data scientist-immediate joiner-l1(hackerrank)-please check your email,altimetrik,"hybrid - hyderabad, chennai, bengaluru",5-8 yrs,not disclosed,"python,nlp,generative ai,machine learning,sql,email,natural language processing,check"
15,16,nrm - price and promo - data scientist,pepsico,hyderabad,6-9 yrs,not disclosed,"data analytics,r,excel,power bi,pricing,revenue management,data visualization,machine learning"
16,17,data scientist,digital glyde,"kolkata, mumbai, new delhi, hyderabad, pune, chennai, bengaluru",3-7 yrs,not disclosed,"data analysis,operations research,social science,analytical,report writing,mysql,cloud,database"
17,18,associate manager / senior data scientist (cpg),trendence,"kolkata, mumbai, new delhi, hyderabad, pune, chennai, bengaluru",5-11 yrs,not disclosed,"data analysis,data management,analytical,machine learning,data structures,predictive modeling,troubleshooting,data mining"
18,19,data scientist,coders brain pvt ltd,"kolkata, mumbai, new delhi, hyderabad, pune, chennai, bengaluru",5-10 yrs,not disclosed,"hypothesis testing,predictive modeling,predictive,hypothesis,data,modeling,software testing"
19,20,data scientist professional,coders brain pvt ltd,"kolkata, mumbai, new delhi, hyderabad/secunderabad, pune, chennai, bangalore/bengaluru",5-9 yrs,not disclosed,"deep learning,payroll,data management,neural networks,artificial intelligence,consulting,machine learning,aws"
20,21,"data scientist, marketing",coursera,"kolkata, mumbai, new delhi, hyderabad/secunderabad, pune, chennai, bangalore/bengaluru",4-6 yrs,not disclosed,"data analysis,data science,troubleshooting,analytics,monitoring,sql,python,salesforce"
21,22,data scientist,tech mahindra,"hybrid - hyderabad, pune, bengaluru",6-10 yrs,not disclosed,"ml engineer,deep learning,generarative ai,genai,mlops,ml ops,natural language processing,cloud"
22,23,data scientist-senior associate - p&t labs,pwc service delivery center,"mumbai, hyderabad, bengaluru",4-6 yrs,not disclosed,"automation,gcp,analytical,process improvement,machine learning,signal processing,data mining,sql"
23,24,data scientist,infosys,"hybrid - hyderabad, pune, bengaluru",4-8 yrs,not disclosed,"oops,machine learning,python,data,machine"
24,25,data scientist hthd,ford,"kolkata, mumbai, new delhi, hyderabad, pune, chennai, bengaluru",1-4 yrs,not disclosed,"computer science,gcp,analytical,artificial intelligence,agile,algorithm development,business solutions,operations"
25,26,nlp data scientist - real world data (rwd),agilite global solutions,"kolkata, mumbai, new delhi, hyderabad/secunderabad, pune, chennai, bangalore/bengaluru",7-8 yrs,not disclosed,"computer science,health insurance,pharma,analytical,agile,healthcare,life sciences,open source"
26,27,ds - nlp expert,genpact,"hyderabad, telangana, gurugram, haryana, bangalore/ bengaluru, karnataka",6-11 yrs,not disclosed,"natural language processing,nltk,rnn,lstm,llms,artificial intelligence,text mining,bert"
27,28,generative ai data scientist,genpact,"hyderabad, gurugram, bengaluru",8-13 yrs,not disclosed,"generative ai,llm,predictive modeling,natural language processing,computer vision,machine learning,processing,vision"
28,29,advisory service senior consultant - data scientist,optum,hyderabad,8-12 yrs,not disclosed,"machine learning,algorithms,data science,natural language processing,pandas,scikit-learn,data structures,spark"
29,30,lead data scientist,cornerstone,"mumbai, hyderabad, pune",6-9 yrs,not disclosed,"artificial intelligence,natural language processing,machine learning,processing,intelligence,languages,process,machine"
30,31,principal data scientist,optum,hyderabad,7-12 yrs,not disclosed,"career development,deep learning,diversity and inclusion,machine learning,manager technology,healthcare,subject matter expertise,forecasting"
31,32,advisory service senior consultant- data scientist,optum,hyderabad,8-9 yrs,not disclosed,"mining,statistical programming,computer science,career development,business transformation,team management,machine learning,issue resolution"
32,33,hexaware_ looking immediate joiners -data scientist nlp/genai_panindia,hexaware technologies,"hybrid - navi mumbai, pune, chennai",4-9 yrs,not disclosed,"genai,llm,data scientist,transformers,bert,machine learning,deep learning,data science"
33,34,data scientist,response informatics,"kolkata, mumbai, new delhi, hyderabad, pune, chennai, bengaluru",0-5 yrs,not disclosed,"deep learning,tdd,deployment,natural language processing,test driven development,mongodb,sql,python"
34,35,data scientist-immediate joiner-l1(hackerrank)-please check your email,altimetrik,"hybrid - hyderabad, chennai, bengaluru",5-8 yrs,not disclosed,"python,nlp,generative ai,machine learning,sql,email,natural language processing,check"
35,36,nrm - price and promo - data scientist,pepsico,hyderabad,6-9 yrs,not disclosed,"data analytics,r,excel,power bi,pricing,revenue management,data visualization,machine learning"
36,37,data scientist,digital glyde,"kolkata, mumbai, new delhi, hyderabad, pune, chennai, bengaluru",3-7 yrs,not disclosed,"data analysis,operations research,social science,analytical,report writing,mysql,cloud,database"
37,38,associate manager / senior data scientist (cpg),trendence,"kolkata, mumbai, new delhi, hyderabad, pune, chennai, bengaluru",5-11 yrs,not disclosed,"data analysis,data management,analytical,machine learning,data structures,predictive modeling,troubleshooting,data mining"
38,39,data scientist,coders brain pvt ltd,"kolkata, mumbai, new delhi, hyderabad, pune, chennai, bengaluru",5-10 yrs,not disclosed,"hypothesis testing,predictive modeling,predictive,hypothesis,data,modeling,software testing"
39,40,data scientist professional,coders brain pvt ltd,"kolkata, mumbai, new delhi, hyderabad/secunderabad, pune, chennai, bangalore/bengaluru",5-9 yrs,not disclosed,"deep learning,payroll,data management,neural networks,artificial intelligence,consulting,machine learning,aws"
40,41,lead data scientist,sendhelper,"kolkata, mumbai, new delhi, hyderabad/secunderabad, pune, chennai, bangalore/bengaluru",7-11 yrs,not disclosed,"computer vision,orchestration,data science,gcp,artificial intelligence,machine learning,data structures,application development"
41,42,data scientist,ltimindtree,"hybrid - hyderabad, pune",4-9 yrs,not disclosed,"ai algorithms,machine learning,python,machine learning algorithms,computer vision,deep learning,computer,artificial intelligence"
42,43,big data solution,coders brain pvt ltd,"kolkata, mumbai, new delhi, hyderabad, pune, chennai, bengaluru",2-14 yrs,not disclosed,"nosql,finance,machine learning,programming,data visualization,big data,financial services,sql"
43,44,lead data scientist,netomi,"kolkata, mumbai, new delhi, hyderabad/secunderabad, pune, chennai, bangalore/bengaluru",5-8 yrs,not disclosed,"logistic regression,lms,neural networks,artificial intelligence,machine learning,data processing,information retrieval,customer service"
44,45,data scientist,open insights,"kolkata, mumbai, new delhi, hyderabad/secunderabad, pune, chennai, bangalore/bengaluru",3-6 yrs,not disclosed,"c++,linux,agile scrum,machine learning,programming,object oriented programming,statistics,sql"
45,46,solution architect,scribble data,"kolkata, mumbai, new delhi, hyderabad, pune, chennai, bengaluru",1-2 yrs,not disclosed,"nosql,data science,time series analysis,customer engagement,matlab,solution architect,sql,python"
46,47,data scientist,tiger analytics,"hybrid - hyderabad, chennai, bengaluru",5-7 yrs,not disclosed,"data science,classification,regression,machine learning,python,predictive modeling,machine learning algorithms,statistical analyses"
47,48,principal it data scientist - r/python,medtronic,hyderabad,10-12 yrs,not disclosed,"supply chain,global operations,automation,machine learning,data collection,manager technology,healthcare,natural language processing"
48,49,data scientist,ea games (electronic arts),hyderabad,3-8 yrs,not disclosed,"data science,nlp,software engineering,data scientist,natural language processing,computer science,machine learning,deep learning"
49,50,advanced data scientist,honeywell,hyderabad,4-6 yrs,not disclosed,"computer science,automation,analytical,artificial intelligence,machine learning,strategic planning,project planning,information management"
50,51,data scientist- lead,salesforce,hyderabad,6-11 yrs,not disclosed,"capacity management,data analysis,automation,analytical,business intelligence,forecasting,analytics,monitoring"
51,52,ai & gen ai data scientist,honeywell,hyderabad,4-6 yrs,not disclosed,"computer science,computer vision,deep learning,networking,aerospace,machine learning,natural language processing,sql"
52,53,python data scientist,wizaltia hr solutions,"kolkata, mumbai, new delhi, hyderabad, pune, chennai, bengaluru",2-7 yrs,not disclosed,"computer science,analytical skills,data analysis,usage,artificial intelligence,programming,manager technology,data analytics"
53,54,data scientist,keeptruckin,"kolkata, mumbai, new delhi, hyderabad, pune, chennai, bengaluru",4-7 yrs,not disclosed,"computer science,statistical programming,data analysis,data science,machine learning,telematics,statistics,sql"
54,55,lotus interworks - data scientist,lotus interworks inc,"kolkata, mumbai, hyderabad, pune, chennai, ahmedabad, delhi / ncr, bengaluru",1-5 yrs,not disclosed,"data science,java,ggplot,data analysis,c,periscope,tableau,business objects"
55,56,data scientist,aurigo software technologies,"kolkata, mumbai, new delhi, hyderabad, pune, chennai, bengaluru",4-8 yrs,not disclosed,"deep learning,product engineering,sql database,machine learning,cloud,natural language processing,data mining,aws"
56,57,principal data scientist,blink health,"kolkata, mumbai, new delhi, hyderabad, pune, chennai, bengaluru",3-6 yrs,not disclosed,"supply chain,automation,financial reporting,pharma,healthcare,predictive modeling,business intelligence,digital marketing"
57,58,data scientist,kmart,"kolkata, mumbai, new delhi, hyderabad, pune, chennai, bengaluru",3-5 yrs,not disclosed,"logistic regression,data management,data science,agile development,linear regression,programming,information architecture,sql"
58,59,data scientist,kas services,"kolkata, mumbai, new delhi, hyderabad, pune, chennai, bengaluru",3-5 yrs,not disclosed,"logistic regression,data management,data science,agile development,linear regression,programming,information architecture,sql"
59,60,data scientist,rapid canvas,"kolkata, mumbai, new delhi, hyderabad, pune, chennai, bengaluru",4-9 yrs,not disclosed,"computer science,operations research,data science,gcp,machine learning,sage,data mining,aws"
60,61,data scientist,thrasio,"kolkata, mumbai, new delhi, hyderabad, pune, chennai, bengaluru",5-9 yrs,not disclosed,"product management,supply chain,operations research,simulation,machine learning,forecasting,downstream,sql"
61,62,data scientist,response informatics,"kolkata, mumbai, new delhi, hyderabad, pune, chennai, bengaluru",8-9 yrs,not disclosed,"computer vision,deep learning,data science,focus,machine learning,programming,natural language processing,python"
62,63,data scientist,scienaptic systems,"kolkata, mumbai, new delhi, hyderabad, pune, chennai, bengaluru",2-7 yrs,not disclosed,"business process,loans,business analytics,analytical,finance,credit underwriting,credit risk management,sql"
63,64,data scientist,intersoft kk,"kolkata, mumbai, new delhi, hyderabad, pune, chennai, bengaluru",2-5 yrs,not disclosed,"computer vision,gcp,artificial intelligence,mysql,machine learning,php,data structures,sql"
64,65,data scientist,response informatics,"kolkata, mumbai, new delhi, hyderabad, pune, chennai, bengaluru",4-7 yrs,not disclosed,"training,data analysis,data science,machine learning,infrastructure,programming,model development,deployment"
65,66,senior data scientist,kmart,"kolkata, mumbai, new delhi, hyderabad, pune, chennai, bengaluru",4-7 yrs,not disclosed,"logistic regression,data management,data science,agile development,linear regression,programming,information architecture,sql"
66,67,senior data scientist,kas services,"kolkata, mumbai, new delhi, hyderabad, pune, chennai, bengaluru",4-7 yrs,not disclosed,"logistic regression,data management,data science,agile development,linear regression,programming,information architecture,sql"
67,68,lead data scientist,elitefit.ai,"kolkata, mumbai, new delhi, hyderabad, pune, chennai, bengaluru",3-7 yrs,not disclosed,"pilot,prototype,simulation,data science,machine learning,mentor,management,operations"
68,69,principal data scientist,response informatics,"kolkata, mumbai, new delhi, hyderabad, pune, chennai, bengaluru",12-15 yrs,not disclosed,"data science,pharma,machine learning,healthcare,microsoft,big data,analytics,python"
69,70,lead data scientist,response informatics,"kolkata, mumbai, new delhi, hyderabad, pune, chennai, bengaluru",3-8 yrs,not disclosed,"data analysis,prototype,data science,analytical,machine learning,scala,hypothesis testing,deployment"
70,71,data scientist,kashsam data solutions,"kolkata, mumbai, new delhi, hyderabad, pune, chennai, bengaluru",3-7 yrs,not disclosed,"data analysis,coding,process improvement,data governance,management,process,improvement,analysis"
71,72,data scientist,wsd consultant,"mumbai, hyderabad, pune, chennai, gurugram, bengaluru",1-5 yrs,not disclosed,"e-learning,data science,application programming,artificial intelligence,machine learning,manager technology,doctor,management"
72,73,nlp data scientist - real world data (rwd),agilite global solutions,"kolkata, mumbai, new delhi, hyderabad, pune, chennai, bengaluru",3-8 yrs,not disclosed,"computer science,health insurance,pharma,analytical,agile,healthcare,life sciences,open source"
73,74,sr . data scientist,enlink,"mumbai, navi mumbai, hyderabad, pune, chennai, bengaluru",2-5 yrs,not disclosed,"computer science,front end,data modeling,mis,javascript,data structures,html,unit testing"
74,75,data scientist,the it mind services,"kolkata, mumbai, hyderabad, new delhi, pune, chennai, bengaluru",4-12 yrs,not disclosed,"machine learning,data collection,data visualization,collections,machine,data"
75,76,consultant/senior consultant - fraud risk model,tiger analytics,"hyderabad, chennai, bengaluru",2-8 yrs,not disclosed,"sas,coding,machine learning,data structures,healthcare,analytics,monitoring,financial services"
76,77,senior / lead data scientist,tiger analytics,"hyderabad, chennai, bengaluru",6-10 yrs,not disclosed,"backend,data science,machine learning,lead,model development,continuous improvement,analytics,project execution"
77,78,data scientist+gen ai // bangalore/hyderabad/chennai,wow softech,"hybrid - hyderabad, chennai, bengaluru",5-10 yrs,30-35 lacs pa,"data science,gen ai,machine learning,aws,deep learning,science,gen,artificial intelligence"
78,79,senior data scientist (technology lead),tiger analytics,"hybrid - hyderabad, chennai, bengaluru",7-10 yrs,not disclosed,"data science,python,nlp,solutioning,machine learning,science,technology,senior"
79,80,sr. data scientist,eze software group,hyderabad,3-7 yrs,not disclosed,"project management,artificial intelligence,machine learning,agile,healthcare,natural language processing,analytics,financial services"
80,81,senior data scientist (technology lead),tiger analytics,"hyderabad, chennai, bengaluru",7-10 yrs,not disclosed,"data science,artificial intelligence,consulting,machine learning,data collection,application development,data analytics,risk management"
81,82,data scientist - phd,atg business solutions,"hyderabad, bengaluru, mumbai (all areas)",1-4 yrs,8-15 lacs pa,"data science,deep learning,artificial intelligence,machine learning,machine,intelligence,science,data"
82,83,data science consultant,mnc consulting firm,"hyderabad, gurugram, bengaluru",5-8 yrs,18-25 lacs pa,"data science,genai,r,nlp,data,prompt,llm,python"
83,84,data scientist,nityo infotech,"kolkata, mumbai, new delhi, hyderabad, pune, chennai, bengaluru",13-20 yrs,not disclosed,"cloud computing,c++,analytical,machine learning,scala,data privacy,data visualization,object oriented programming"
84,85,python and ml trainer,the scholar,"hyderabad, new delhi, pune, gurugram, bengaluru",3-8 yrs,not disclosed,"training,deep learning,version control,git,min,linux,django,machine learning"
85,86,data scientist,aeries technology,"mumbai, hyderabad, bengaluru",2-6 yrs,not disclosed,"supply chain,operations research,analytical,consulting,machine learning,data visualization,data mining,sql"
86,87,data scientist,deloitte,"mumbai, bengaluru, delhi / ncr",4-9 yrs,not disclosed,"data scientist,regression,clustering,machine learning,python,r,decision tree,scala"
87,88,data scientist,tata consultancy services (tcs),"kolkata, bangalore rural, mumbai (all areas)",5-9 yrs,not disclosed,"data science,r,machine learning algorithms,ml algorithms,machine learning,r program,python,science"
88,89,manager - infotech (data scientist),lupin,mumbai,6-11 yrs,not disclosed,"pilot,advanced analytics,prototype,simulation,business design,machine learning,model development,operations"
89,90,manager - infotech (data scientist),lupin,mumbai,5-10 yrs,not disclosed,"pilot,advanced analytics,prototype,simulation,machine learning,model development,operations,management"
90,91,manager - infotech (data scientist),lupin,mumbai,5-10 yrs,not disclosed,"advanced analytics,deep learning,prototype,simulation,machine learning,agile,operations,analytics"
91,92,data science,value vision management consultant,"hybrid - kolkata, hyderabad, bengaluru",6-11 yrs,not disclosed,"genai,convo ai,supply chain,data science,cpg,hia,data consultant,forecasting"
92,93,data scientist,ericsson,bengaluru,0-3 yrs,not disclosed,"data analysis,data validation,coding,neural networks,machine learning,data quality,forecasting,sql"
93,94,data scientist,neudesic technologies,"kochi, hyderabad/ secunderabad, bangalore/bengaluru",5-8 yrs,not disclosed,"predictive modeling,open ai,azure machine learning,deep learning,python,data,microsoft azure,predictive"
94,95,data scientist,crisil,"mumbai, pune",2-4 yrs,not disclosed,"text mining,computer science,computer vision,data analysis,data science,neural networks,artificial intelligence,machine learning"
95,96,data scientist consultant,confidential,"hyderabad, telangana, pune, maharashtra, bengaluru, karnataka",6-11 yrs,7-17 lacs pa,"data science,data structures,big data,data quality,data management,data analysis,data extraction,data maintenance"
96,97,data scientist,wipro,"pune, chennai, bengaluru",6-11 yrs,not disclosed,"data science,data mining,statistics,machine learning,predictive analytics,data,science,predictive"
97,98,data scientist,techplus media,"hybrid - hyderabad, bengaluru, mumbai (all areas)",2-5 yrs,15-25 lacs pa,"social media,customer analytics,data mining,python,sql,quantitative analysis,customer service,quantitative"
98,99,data scientist,bizongo,mumbai,2-3 yrs,not disclosed,"text mining,coding,neural networks,business analytics,machine learning,predictive modeling,natural language processing,analytics"
99,100,lead data scientist- gen ai,straive,"hybrid - hyderabad, bengaluru",7-12 yrs,not disclosed,"aws sagemaker,tensorflow,gen ai,nlp,pytorch,advanced nlp,azure machine learning,machine learning"
100,101,senior lead data scientist,pixel pros,"hyderabad, bangalore rural, chennai",7-12 yrs,20-35 lacs pa,"nlp,natural language processing,aiml,python,sql,languages,processing,process"
101,102,lead data scientist,baker hughes,bengaluru,9-14 yrs,not disclosed,"data analysis,artificial intelligence,signal processing,agile,manager technology,industrial engineering,digital strategy,analytics"
102,103,senior data scientist,kpi partners,"hyderabad, bengaluru",6-10 yrs,not disclosed,"training,continuous integration,data analysis,git,web services,data science,artificial intelligence,machine learning"
103,104,senior/ lead data scientist - quant,tiger analytics,"hyderabad, chennai",6-12 yrs,not disclosed,"data science,process documentation,analytical,consulting,machine learning,senior lead,data analytics,individual contributor"
104,105,intern,aryma labs,"hyderabad, ahmedabad, bengaluru",no fixed duration,unpaid,na
105,106,data scientist,tiger analytics,"hyderabad, chennai",4-7 yrs,not disclosed,"git,data science,gcp,analytical,production engineering,consulting,machine learning,silicon"
106,107,ai / ml data scientist,itranscend educational initiatives,hyderabad,3-6 yrs,not disclosed,"matplotlib,nlp,bert word embeddings,word2vec,python,tensorflow,pytorch,keras"
107,108,data scientist,covalense global,"hyderabad, bengaluru",3-8 yrs,not disclosed,"machine learning,data collection,data visualization,data,collections,machine"
108,109,nlp data scientist,heaps health solutions india,"hyderabad, bengaluru",2-3 yrs,not disclosed,"basic,data analysis,version control,git,gcp,programming,healthcare,technology solutions"
109,110,data scientist,heaps health solutions india,"hyderabad, bengaluru",1-4 yrs,not disclosed,"data analysis,version control,git,data science,gcp,analytical,machine learning,data mining"
110,111,lead - data scientist,quince corporate services,"hyderabad, bengaluru",8-10 yrs,not disclosed,"unix,computer science,linux,coding,machine learning,customer service,analytics,sql"
111,112,data scientist,moodle india information solutions,remote,6-8 yrs,12-16 lacs pa,"python,r,sql,data"
112,113,data scientist,net2source,hyderabad,6-11 yrs,not disclosed,"data science,artificial intelligence,natural language processing,computer vision,machine learning,ml,process,computer"
113,114,staff data scientist,plume design,hyderabad,1-3 yrs,not disclosed,"data analysis,architecture,machine learning,silicon,open source,wifi,distribution system,sql"
114,115,senior data scientist,osttra,hyderabad,8-12 yrs,not disclosed,"supply chain,computer science,front end,pdf,analytical,workforce planning,javascript,workflow"
115,116,data scientist,fusion plus solutions inc,hyderabad,3-6 yrs,not disclosed,"deep learning,data science,devops,machine learning,cloud,data collection,infrastructure,deployment"
116,117,senior data scientist,microsoft,hyderabad,5-9 yrs,not disclosed,"github,artificial intelligence,machine learning,system design,natural language processing,microsoft,stakeholder management,forecasting"
117,118,data scientist,protiviti india,hyderabad,6-10 yrs,10-19 lacs pa,"data science,r,excel,science,data"
118,119,data scientists,pratibha analytics,hyderabad,2-7 yrs,not disclosed,"help desk,customer service,customer relationship,access controls,telephony support,asset management,vendor management,information"
119,120,price and promo- data scientist,pepsi foods,hyderabad,6-9 yrs,not disclosed,"data analysis,service level,consulting,machine learning,market research,fmcg,forecasting,macros"
120,121,data scientist trainee-winit,winit,hyderabad,0-1 yrs,not disclosed,"opencv,tensorflow,computer vision,deep learning,sql,data,computer,vision"
121,122,data scientist,tanla platforms,hyderabad/secunderabad,4-9 yrs,not disclosed,"data science,natural language processing,deep learning,predictive modeling,neural networks,computer vision,data,computer"
122,123,hiring | it services & consulting | data scientist -diversity (female),virtuoso staffing solutions,"noida, kolkata, hyderabad, pune, chennai, mumbai (all areas)",6-11 yrs,not disclosed,"data science,data scientist,pyspark,azure,hypothesis testing,data analytics,aws,machine learning"
123,124,data scientist,tata nexarc,"mumbai, pune",3-6 yrs,not disclosed,"data science,analytical,machine learning,data visualization,business intelligence,data mining,analytics,sql"
124,125,lead data science,iks health,remote,6-11 yrs,not disclosed,"python,tensorflow,cnn,nlp,rnn,lstm,natural language processing,machine learning"
125,126,data scientist,siemens,bengaluru,2-3 yrs,not disclosed,"backend,git,coding,machine learning,healthcare,data quality,monitoring,sql"
126,127,"senior, data scientist (computer vision)",walmart,bengaluru,6-9 yrs,not disclosed,"computer vision,analytical,machine learning,supply chain operations,sez,manager quality control,information technology,monitoring"
127,128,data scientist,applied materials,bengaluru,4-7 yrs,not disclosed,"data scientist,algorithms,python,data analytics,design development,data mining,machine learning,data collection"
128,129,senior data scientist,"wood group pratt & whitney industrial turbine services, llc",bengaluru,5-11 yrs,not disclosed,"gas turbine,python,data analytics,power bi,engineering,machine learning,dashboards,artificial intelligence"
129,130,manager / principal specialist data scientist,"wood group pratt & whitney industrial turbine services, llc",bengaluru,11-17 yrs,not disclosed,"hive,gas turbine,python,statistical techniques,power bi,engineering,cloud deployment,machine learning"
130,131,associate data scientist,"wood group pratt & whitney industrial turbine services, llc",bengaluru,3-8 yrs,not disclosed,"gas turbine,python,data analytics,modeling,power bi,engineering,machine learning,artificial intelligence"
131,132,senior data scientist,walmart,bengaluru,10-20 yrs,not disclosed,"supply chain,data analysis,data science,networking,coding,analytical,forecasting,analytics"
132,133,data scientist,applied materials,bengaluru,2-4 yrs,not disclosed,"data science,digital image processing,python,r,data analysis,data analytics,machine learning,jmp"
133,134,lead data scientist,caterpillar inc,bengaluru,12-14 yrs,not disclosed,"computer science,cloud computing,data management,debugging,machine learning,application development,software quality,business intelligence"
134,135,data scientist,acuity knowledge partners,hybrid - bengaluru,2-5 yrs,not disclosed,"data science,machine learning,python,artificial intelligence,natural language processing,llm,machine,data"
135,136,personalization platform senior data scientist,dell technologies,bengaluru,12-15 yrs,not disclosed,"computer science,data science,analytical,programming,business strategy,subject matter expert,customer experience,customer engagement"
136,137,staff data scientist,inmobi solutions,bengaluru,3-6 yrs,not disclosed,"san,cloud computing,coding,machine learning,agile,product design,analytics,python"
137,138,staff data scientist,inmobi solutions,bengaluru,10-20 yrs,not disclosed,"product engineering,machine learning,conceptualization,agile,genetics,product design,analytics,python"
138,139,data scientist,oracle,"hybrid - bengaluru, karnataka",5-10 yrs,not disclosed,"python,sql,docker,kubernetes,data"
139,140,"staff, data scientist",walmart,bengaluru,7-11 yrs,not disclosed,"automation,operational excellence,consulting,machine learning,data collection,sez,customer support,information technology"
140,141,data scientist,volvo financial services,bengaluru,3-6 yrs,not disclosed,"automation,c++,powertrain,mechatronics,simulation,construction equipment,simulink,matlab"
141,142,senior data scientist,siemens,bengaluru,3-8 yrs,not disclosed,"business services,operations research,sap,analytical,machine learning,business process management,oracle,bioinformatics"
142,143,data scientist,wisestep,hyderabad,2-4 yrs,not disclosed,"machine learning,deep learning,ai/ml,pytorch,ai algorithms,scikit-learn,artificial intelligence,python"
143,144,data scientist,dazn,hyderabad,3-7 yrs,not disclosed,"computer science,data analysis,product engineering,analytical,machine learning,continuous improvement,forecasting,monitoring"
144,145,senior data scientist,algoleap technologies,"hyderabad, gurugram",8-12 yrs,not disclosed,"python,pandas,sql,data,senior"
145,146,data scientist,tekworks enterprise solutions,"vijayawada, hyderabad",3-5 yrs,not disclosed,"data visualization,machine learning,interpersonal skills,cloud computing,programming,statistics,interpersonal,machine"
146,147,data scientist,aptly tech,remote,8-13 yrs,not disclosed,"data science,machine learning,python,science,machine,data"
147,148,aiml architect / data scientist,qentelli,hyderabad,8-13 yrs,not disclosed,"python,algorithms,tensorflow,java,computer vision,pytorch,keras,machine learning"
148,149,avp model development,synchrony,hyderabad,4-6 yrs,not disclosed,"sas,analytics,sql,python,pyspark,xg boost,h2o,alteryx"
149,150,principal data scientist,walmart,bengaluru,13-20 yrs,not disclosed,"networking,coding,consulting,machine learning,troubleshooting,open source,information technology,sql"
150,151,staff data scientist,walmart,bengaluru,5-8 yrs,not disclosed,"computer science,computer vision,prototype,networking,neural networks,consulting,machine learning,continuous improvement"
151,152,staff data scientist,walmart,bengaluru,10-12 yrs,not disclosed,"computer science,computer vision,prototype,networking,neural networks,consulting,machine learning,continuous improvement"
152,153,senior data scientist,walmart,bengaluru,6-8 yrs,not disclosed,"computer science,computer vision,prototype,networking,neural networks,machine learning,continuous improvement,information technology"
153,154,principal data scientist,walmart,bengaluru,10-12 yrs,not disclosed,"computer science,computer vision,prototype,networking,consulting,machine learning,data quality,continuous improvement"
154,155,machine learning / data science trainer,ethnotech academy,bengaluru,2-5 yrs,not disclosed,"training,deep learning,tableau,data science,coding,analytical,machine learning,subject matter expert"
155,156,sr. data scientist - ml ops,visa,bengaluru,4-8 yrs,not disclosed,"preditive modeling,data analysis,linux,data ing,finanial servies,continuous improvement,monitoring,logisti regression"
156,157,"principal, data scientist",walmart,bengaluru,7-12 yrs,not disclosed,"computer vision,coding,artificial intelligence,consulting,machine learning,information technology,analytics,sql"
157,158,lead data scientist,honeywell,"greater noida, bengaluru",6-9 yrs,not disclosed,"computer science,data analysis,statistical modeling,data science,project management,analytical,machine learning,programming"
158,159,principal data scientist,walmart,bengaluru,12-20 yrs,not disclosed,"data science,networking,gcp,analytical,consulting,machine learning,agile,monitoring"
159,160,sr . data scientist / manager,novitas infotech,"noida, gurugram, bengaluru",7-10 yrs,not disclosed,"customer analytics,social media,agile,customer service,data mining,analytics,sql,python"
160,161,data scientist,novitas infotech,"noida, gurugram, bengaluru",3-7 yrs,not disclosed,"customer analytics,social media,agile,customer service,data mining,analytics,sql,python"
161,162,data scientist,blackbuck,"gurugram, bengaluru",3-7 yrs,not disclosed,"deep learning,operations research,image processing,data science,machine learning,programming,sensors,route planning"
162,163,data scientist,nestle,bengaluru,2-4 yrs,not disclosed,"algorithms,python,modeling,data analysis,data analytics,natural language processing,predictive,machine learning"
163,164,"senior, data scientist",walmart,bengaluru,1-5 yrs,not disclosed,"computer vision,prototype,networking,neural networks,machine learning,continuous improvement,information technology,monitoring"
164,165,lead / senior data scientist,innovaccer,noida,7-12 yrs,not disclosed,"analytical,artificial intelligence,machine learning,healthcare,genetics,life sciences,continuous improvement,analytics"
165,166,sr. data scientist,orange business services,gurugram,4-8 yrs,not disclosed,"data analysis,data science,analytical,machine learning,agile,data collection,data processing,data mining"
166,167,global gi data scientist,hitachi ltd.,faridabad,3-5 yrs,not disclosed,"market analysis,sales operations,sas,access management,analytical,machine learning,data collection,spss"
167,168,senior data scientist,capco,bengaluru,6-11 yrs,not disclosed,"relationship management,data analysis,business analysis,machine learning,agile,asset management,analytics,financial services"
168,169,data scientist,indusind bank,gurugram,3-6 yrs,not disclosed,"risk analytics,credit risk modelling,python,sql,model development,predictive modeling,data science,sas"
169,170,staff data scientist,walmart,bengaluru,9-10 yrs,not disclosed,"deep learning,data science,web analytics,consulting,machine learning,sez,research,big data"
170,171,data scientist,hbic solutions,hyderabad,0-2 yrs,not disclosed,"deep learning,data science,artificial intelligence,data collection,packaging,data analytics,python,testing"
171,172,data scientist consultant,confidential,"hyderabad, pune, bengaluru",6-11 yrs,12-22 lacs pa,"data science,data structures,big data,data quality,data management,data analysis,data extraction,data maintenance"
172,173,data scientist-diversity,live connections,"hyderabad, pune, chennai, bengaluru",8-13 yrs,35-45 lacs pa,"data science,pyspark,sagemaker,statistical tools,natural language processing,python data,llm,machine learning"
173,174,data science associate,zs associates,"hybrid - pune, gurugram, bengaluru",1-3 yrs,7.5-17.5 lacs pa,"data science,predictive modeling,logistic regression,generative ai,artificial intelligence,natural language processing,neural networks,machine learning"
174,175,"data scientist (traditional ml -predictive modeling, forecasting)",wipro,"hybrid - pune, chennai, bengaluru",6-11 yrs,not disclosed,"data science,predictive modeling,machine learning,forecasting,ml,modeling,science,machine"
175,176,data scientist,gspann,"hyderabad, pune, gurugram",5-10 yrs,not disclosed,"computer vision,data analysis,neural networks,analytical,artificial intelligence,machine learning,data collection,natural language processing"
176,177,digital-senior process manager- data scientist spm,eclerx,mumbai,8-13 yrs,not disclosed,"data science,css,javascript,html,json,web analytics,jquery,gdpr"
177,178,assistant cmi manager - data scientist,hindustan unilever (hul),mumbai,2-6 yrs,not disclosed,"data science,coding,machine learning,data visualization,digital marketing,econometrics,open source,analytics"
178,179,manager - senior data scientist,visa,mumbai,5-10 yrs,not disclosed,"data science,coding,consulting,manager quality control,risk management,portfolio management,analytics,sql"
179,180,data & ai project role : responsible ai engineer project role descrip,lecan,"hyderabad, chennai, bengaluru",6-11 yrs,not disclosed,"natural language processing,data science,nlp,artificial intelligence,computer vision,machine learning,deep learning,ocr"
180,181,sr. data scientist,ss&c technologies,hyderabad,4-8 yrs,not disclosed,"project management,artificial intelligence,machine learning,agile,healthcare,natural language processing,analytics,financial services"
181,182,manager/senior manager- data scientist - genai,genpact,bengaluru,6-11 yrs,not disclosed,"genai,gpt,machine learning,deep learning,python,llama,sql,data"
182,183,"senior, data scientist",walmart,bengaluru,1-5 yrs,not disclosed,"supply chain,networking,project management,analytical,data mining,gaming,information technology,analytics"
183,184,data scientist,infosys,bengaluru,3-5 yrs,not disclosed,"data science,campaign management,deep learning,python,r,predictive analytics,statistical modeling,machine learning"
184,185,data scientist,clean harbors,hyderabad,2-5 yrs,not disclosed,"data analysis,advanced excel,data analytics,python,sql,google analytics,adobe analytics,google"
185,186,senior data scientist,osttra,hyderabad,5-9 yrs,not disclosed,"supply chain,stakeholder engagement,data analysis,backend,data management,market intelligence,data privacy,financial services"
186,187,global gi data scientist,hitachi energy,faridabad,3-5 yrs,not disclosed,"product management,market analysis,sales operations,sas,access management,analytical,data collection,spss"
187,188,data scientist(predictive analyst),adani group,kolkata,10-14 yrs,not disclosed,"container,kubernetes,python,modeling,analytical,ai solutions,power bi,machine learning"
188,189,senior data scientist,airtel,"noida, gurugram",2-5 yrs,10-20 lacs pa,"speech recognition,voice-bot,conversational ai,natural language processing,deep learning,process,recognition,processing"
189,190,lead data scientist,providence college of engineering,hyderabad,5-9 yrs,not disclosed,"administration,sas,coding,analytical,machine learning,healthcare management,healthcare,data processing"
190,191,senior data scientist,microsoft,hyderabad,5-9 yrs,not disclosed,"c++,data science,business analytics,machine learning,legal,microsoft,stakeholder management,analytics"
191,192,data scientist 2,microsoft,hyderabad,10-20 yrs,not disclosed,"data analysis,data science,machine learning,microsoft,forecasting,analytics,sql,python"
192,193,senior data scientist,michelin,pune,9-14 yrs,not disclosed,"text mining,deep learning,advanced analytics,data analysis,machine learning,manager technology,information retrieval,research"
193,194,principal data scientist,michelin,pune,12-15 yrs,not disclosed,"operational excellence,coding,conflict resolution,machine learning,system design,continuous improvement,stakeholder management,talent management"
194,195,data scientist,michelin,pune,6-11 yrs,not disclosed,"text mining,deep learning,advanced analytics,data analysis,machine learning,manager technology,information retrieval,research"
195,196,data scientist,vineet tyre center,pune,2-6 yrs,not disclosed,"data analysis,powerpoint,data,analysis"
196,197,data scientist,michelin,pune,2-6 yrs,not disclosed,"record keeping,data analysis,mis,powerpoint,data,analysis"
197,198,data scientist,siemens,pune,6-9 yrs,not disclosed,"data science,machine learning,siemens,html,data mining,business intelligence,operations,analytics"
198,199,data scientist level_1,michelin,pune,2-6 yrs,not disclosed,"basic,coding,analytical,debugging,mechanical,data mining,statistics,python"
199,200,sas data scientist,lericon informatics,"mumbai, bengaluru, delhi / ncr",2-6 yrs,not disclosed,"data mining,visual analytics,data analysis,advanced statistics,sas,data scientist,r programming,spss"
200,201,data scientist ii,here technologies,mumbai,1-6 yrs,not disclosed,"computer vision,automation,backend,artificial intelligence,agile development,machine learning,software development life cycle,manager technology"
201,202,data scientist,tanla platforms,hyderabad,10-20 yrs,not disclosed,"training,telecom,deep learning,product engineering,usage,coding,machine learning,statistics"
202,203,data scientist,flexday solutions,hyderabad,3-8 yrs,not disclosed,"computer science,data science,gcp,machine learning,cloud,programming,data visualization,troubleshooting"
203,204,lead data scientist,paypal,bengaluru,6-11 yrs,not disclosed,"operations research,quantitative research,analytical,machine learning,credit risk,risk management,data mining,analytics"
204,205,lead data scientist,paypal,bengaluru,6-11 yrs,not disclosed,"operations research,quantitative research,analytical,machine learning,credit risk management,credit risk,data mining,product marketing"
205,206,principal data scientist,splunk,hyderabad,8-13 yrs,not disclosed,"orchestration,gcp,artificial intelligence,product portfolio,equity,healthcare,splunk,troubleshooting"
206,207,data scientist,metlife,hyderabad,4-8 yrs,not disclosed,"predictive modeling,machine learning,deep learning,pattern recognition,python,tensorflow,logistic regression,generative ai"
207,208,data scientist,mapmygenome,hyderabad,3-8 yrs,not disclosed,"genomics,machine learning,healthcare,research,biomedical,bioinformatics,data,machine"
208,209,data scientist,xemplar insights,hyderabad,5-10 yrs,not disclosed,"computer science,backend,analytical,machine learning,data quality,risk management,ms office,data mining"
209,210,"lead data scientist, consumer",quantium analytics,hyderabad,6-10 yrs,not disclosed,"team management,data science,project management,analytical,consulting,actuarial,fmcg,project delivery"
210,211,data scientist- lead,tableau software,hyderabad,6-10 yrs,not disclosed,"capacity management,data analysis,automation,analytical,business intelligence,forecasting,analytics,monitoring"
211,212,senior data scientist,snow planet,hyderabad,5-7 yrs,not disclosed,"deep learning,data science,analytical,machine learning,programming,data processing,sql,python"
212,213,fraud intelligence data scientist,paypal,bengaluru,4-8 yrs,not disclosed,"data analysis,analytical,finance,machine learning,dns,html,data mining,fsi"
213,214,lead data scientist,metlife,hyderabad,10-14 yrs,not disclosed,"claims,data management,talent acquisition,underwriting,risk management,business intelligence,analytics,financial services"
214,215,senior data scientist - employee workflows,snow planet,hyderabad,6-8 yrs,not disclosed,"deep learning,automation,usage,git,analytical,machine learning,data structures,subject matter expert"
215,216,senior data analyst,launch it consulting,hyderabad,6-10 yrs,10-18 lacs pa,"python,r,dax,sql,data,data analysis,senior"
216,217,data scientist,cgi,bengaluru,3-6 yrs,not disclosed,"c#,algorithms,python,modeling,data analysis,data analytics,predictive,microsoft azure"
217,218,associate data scientist,alcon laboratories,bengaluru,1-2 yrs,not disclosed,"training,career development,data science,coding,business analytics,agile development,internship,recruitment"
218,219,sr data scientist,snow planet,hyderabad,5-8 yrs,not disclosed,"unix,computer science,basic,data analysis,git,data science,machine learning,quantitative techniques"
219,220,data scientist (telco),payu,"gurugram, bengaluru",2-7 yrs,not disclosed,"telecom,logistic regression,analytical,social media,machine learning,forecasting,operations,financial services"
220,221,data scientist,planful,hyderabad,8-12 yrs,not disclosed,"computer science,product management,performance management,analytical,wellness,natural language processing,analytics,private equity"
221,222,data scientist,colruyt it consultancy india,hyderabad,10-20 yrs,not disclosed,"text mining,data analysis,statistical analysis,image processing,data science,neural networks,analytical,manager quality control"
222,223,lead data scientist,becton dickinson,bengaluru,8-14 yrs,not disclosed,"analytical,pharma,artificial intelligence,machine learning,continuous improvement,monitoring,sql,python"
223,224,research associate - data science,recodeminds,hyderabad,1-3 yrs,not disclosed,"computer science,e-learning,san,data analysis,french,analytical,research associate,internship"
224,225,data scientist,metlife,hyderabad,2-5 yrs,not disclosed,"logistic regression,data analysis,data science,bfsi,analytical,linear regression,spss,asset management"
225,226,data scientist,nokia,"noida, chennai",3-4 yrs,not disclosed,"mining,telecom,network design,machine learning,customer service,powerpoint,operations,technical support"
226,227,data scientist,rellio services,hyderabad,6-9 yrs,not disclosed,"data cleansing,data science,data modeling,diversity and inclusion,machine learning,employee engagement,deployment,data quality"
227,228,senior data scientist,microsoft,hyderabad,5-9 yrs,not disclosed,"data analysis,c++,software design,data science,machine learning,microsoft,analytics,sql"
228,229,data and applied scientist ii,microsoft,hyderabad,4-8 yrs,not disclosed,"supply chain,supply chain management,operations research,data management,analytical,microsoft,business intelligence,analytics"
229,230,data scientist (python),diverse lynx,hyderabad,2-7 yrs,not disclosed,"python,data"
230,231,data scientist,head infotech india,hyderabad,2-4 yrs,not disclosed,"career development,mediclaim,statistical analysis,venture capital,e-commerce,deployment,gaming,private equity"
231,232,"lead, data scientist - generative ai & llm",foundation ai,hyderabad,3-6 yrs,not disclosed,"computer science,cloud computing,computer vision,deep learning,neural networks,analytical,artificial intelligence,data processing"
232,233,data scientist / senior data scientist,foundation ai,hyderabad,3-8 yrs,not disclosed,"computer science,data analysis,data science,machine learning,scala,data collection,predictive modeling,data visualization"
233,234,senior data scientist,technovert,hyderabad,3-5 yrs,not disclosed,"data cleansing,text mining,simulation,network analysis,machine learning,agile,predictive modeling,data mining"
234,235,senior data scientist,technovert,hyderabad,3-7 yrs,not disclosed,"data cleansing,text mining,simulation,network analysis,machine learning,agile,predictive modeling,data mining"
235,236,senior data scientist,technovert,hyderabad,3-7 yrs,not disclosed,"data cleansing,text mining,simulation,network analysis,machine learning,agile,predictive modeling,data mining"
236,237,senior data scientist,technovert,hyderabad,3-5 yrs,not disclosed,senior data scientist
237,238,data scientist,fusion plus solutions inc,hyderabad,3-14 yrs,not disclosed,"training,hive,deep learning,aws,sql,python,data"
238,239,data scientist,fusion plus solutions inc,hyderabad,3-6 yrs,not disclosed,"deep learning,version control,gcp,quality testing,machine learning,high performance computing,big data,sql"
239,240,data engineer & data scientist,fusion plus solutions inc,hyderabad,2-6 yrs,not disclosed,"deep learning,data science,devops,machine learning,data collection,infrastructure,deployment,budgeting"
240,241,data scientist,microsoft,hyderabad,6-9 yrs,not disclosed,"computer science,training,data science,compliance,machine learning,query,legal,microsoft"
241,242,data scientist,adq services,hyderabad,5-7 yrs,not disclosed,"datascience,artificial intelligence,natural language processing,chatbot,transformers,tensorflow,neural networks,regression"
242,243,data scientist,appincubator,hyderabad,4-5 yrs,not disclosed,"san,data analysis,sas,sms,predictive modeling,pattern recognition,analytics,sql"
243,244,senior data scientist,response informatics,hyderabad,6-11 yrs,not disclosed,"product pricing,data science,machine learning,healthcare,health management,actuarial,sql,python"
244,245,senior data scientist - marketplace,gojek,bengaluru,5-11 yrs,not disclosed,"machine learning,distribution system,financial services,sql,python,recruitment,logistics,technical documentation"
245,246,senior data scientist - marketplace,tokopedia,bengaluru,5-10 yrs,not disclosed,"machine learning,distribution system,financial services,sql,python,recruitment,logistics,technical documentation"
246,247,lead - data scientist,app orchid (ao),hyderabad,8-13 yrs,not disclosed,"data science,nlp,data scientist,big data,data visualization,data analytics,machine learning,statistics"
247,248,data scientist,kasmo cloud solutions,hyderabad,3-8 yrs,not disclosed,"c++,automation,git,simulation,data modeling,simulink,qlikview,matlab"
248,249,nlp engineers,disha consultant,bengaluru,8-12 yrs,not disclosed,"computer science,logistic regression,architecture,diagnostics,gcp,machine learning,deployment,mathematics"
249,250,data scientist,alcon laboratories,bengaluru,2-3 yrs,not disclosed,"analytical skills,data science,project management,data processing,information technology,aws,analytics,sql"
250,251,senior data scientist fmcg,quantium analytics,hyderabad,5-9 yrs,not disclosed,"coding,gcp,analytical,agile,fmcg,continuous improvement,forecasting,analytics"
251,252,data scientist,conneqt digital,bengaluru,5-9 yrs,not disclosed,"solution architecture,deep learning,sas,analytical,artificial intelligence,machine learning,data visualization,sql"
252,253,ml engineer / data scientist,spotflock technologies,"new delhi, hyderabad",5-10 yrs,not disclosed,"computer science,product engineering,linux,artificial intelligence,machine learning,agile,data collection,html"
253,254,data scientist,vistan nextgen,hyderabad,2-7 yrs,not disclosed,"printing,deep learning,pdf,linux,image processing,machine learning,open source,big data"
254,255,data scientist,callaway digital technologies,hyderabad,3-6 yrs,not disclosed,"e-commerce,accounting,data"
255,256,senior data scientist,sanofi,hyderabad,2-7 yrs,not disclosed,"supply chain,data management,business analysis,coding,agile,healthcare,open source,analytics"
256,257,data scientist,response informatics,hyderabad,2-6 yrs,not disclosed,"machine learning,data collection,data visualization,data,collections,machine"
257,258,senior data scientist,microsoft,hyderabad,8-9 yrs,not disclosed,"computer science,data science,scalability,cloud,agile,natural language processing,microsoft,distribution system"
258,259,data & applied scientist ii,microsoft,hyderabad,2-7 yrs,not disclosed,"data analysis,machine learning,strategic planning,microsoft,forecasting,analytics,sql,python"
259,260,data scientist,tech ringers,hyderabad,2-5 yrs,not disclosed,"bpo,computer science,operations research,staffing,pharma,consulting,hadoop,industrial engineering"
260,261,data scientist,tech ringers,hyderabad,8-13 yrs,not disclosed,"bpo,rf,image processing,staffing,pharma,artificial intelligence,consulting,machine learning"
261,262,data scientist,torcai digital media,"dehradun, hyderabad, gurugram",2-5 yrs,not disclosed,"data analysis,bidding,linux,data science,shell scripting,mentor,calculus,analysis"
262,263,data scientist - mortgage finance,finacplus,hyderabad,3-8 yrs,not disclosed,"business process,computer science,back office,data analytics,data visualization,data mining,powerpoint,macros"
263,264,data scientist,response informatics,hyderabad,1-5 yrs,not disclosed,"data analysis,data science,clinical operations,machine learning,healthcare,wellness,health management,sql"
264,265,lead data scientist - machine learning,app orchid (ao),hyderabad,5-7 yrs,not disclosed,"machine learning,data science,nlp,data scientist,cloud,data visualization,aws,python"
265,266,senior engineer - ai/ml/data scientist,global consult inc .,hyderabad,4-10 yrs,not disclosed,"smarty,computer science,orchestration,analytical,machine learning,natural language processing,weaving,training and development"
266,267,senior data scientist,quantium analytics,hyderabad,5-7 yrs,not disclosed,"manager quality assurance,sas,project management,analytical,consulting,advocate,actuarial,stakeholder management"
267,268,lead data scientist,quantium analytics,hyderabad,6-10 yrs,not disclosed,"data analysis,change management,automation,operational excellence,project management,analytical,consulting,business planning"
268,269,data scientist,quantium analytics,hyderabad,2-3 yrs,not disclosed,"c++,sas,coding,analytical,actuarial,perl,continuous improvement,analytics"
269,270,data scientist,zazz,hyderabad,4-5 yrs,not disclosed,"it services,data analysis,sas,predictive modeling,pattern recognition,data mining,analytics,crm"
270,271,requirement of data scientist - mortgage finance,finacplus,hyderabad,3-8 yrs,not disclosed,"business process,computer science,back office,data analytics,data visualization,data mining,powerpoint,macros"
271,272,senior data and applied scientist,microsoft,hyderabad,6-11 yrs,not disclosed,"mining,computer vision,data analysis,linux,machine learning,windows,microsoft,android"
272,273,data scientist,egen solutions,hyderabad,2-7 yrs,not disclosed,"mining,computer science,computer vision,data analysis,gcp,machine learning,natural language processing,monitoring"
273,274,data scientist,iquest solutions,hyderabad,3-5 yrs,not disclosed,"computer vision,version control,gcp,artificial intelligence,machine learning,internship,forecasting,sql"
274,275,associate data scientist,recruitrix technologies llp,hyderabad,2-4 yrs,not disclosed,"deep learning,ms sql,tableau,mysql,machine learning,budgeting,python,data"
275,276,"senior data scientist - nlp, llm, gen ai",osttra,hyderabad,5-10 yrs,not disclosed,"supply chain,market intelligence,machine learning,agile,information retrieval,http,data extraction,data"
276,277,lead data scientist with mlops,response informatics,hyderabad,3-8 yrs,not disclosed,"orchestration,data science,data security,devops,machine learning,infrastructure,model development,deployment"
277,278,data scientist,ideslabs,hyderabad,5-15 yrs,not disclosed,"algorithms,python,modeling,data analysis,data analytics,natural language processing,predictive,machine learning"
278,279,data scientist,ideslabs,hyderabad,5-7 yrs,not disclosed,"c++,payroll,google analytics,coding,machine learning,javascript,data mining,python"
279,280,lead ai data scientist,ford,chennai,3-8 yrs,not disclosed,"produt engineering,simulation,consulting,analytial,pakaging,tehnial leadership,automotive,monitoring"
280,281,data scientist,ericsson,gurugram,8-13 yrs,not disclosed,"talent acquisition,machine learning,workforce planning,business strategy,talent management,analytics,reporting tools,sql"
281,282,data scientist,amnet digital,hyderabad,3-7 yrs,not disclosed,"automation,product engineering,prototype,analytical,artificial intelligence,machine learning,healthcare,data quality"
282,283,associate data scientist,metlife,hyderabad,3-4 yrs,not disclosed,"claims,coding,underwriting,analytical,asset management,analytics,financial services,sql"
283,284,data scientist,veniso solutions,hyderabad,2-7 yrs,not disclosed,"operations research,tableau,data science,analytical,machine learning,hadoop,scala,data analyst"
284,285,associate data scientist,metlife,hyderabad,3-4 yrs,not disclosed,"data management,coding,project management,analytical,machine learning,data structures,asset management,analytics"
285,286,data scientist,indusind bank,chennai,3-8 yrs,not disclosed,"risk analytics,commercial vehicle loans,machine learning,python,predictive modeling,data science,marketing analytics,sql"
286,287,data science lead,beechi vidya kendra trust,"hyderabad, ahmedabad",3-5 yrs,not disclosed,"it services,data science,web application,machine learning,agile,scrum,sow,open source"
287,288,data scientist,upsteer,hyderabad,2-6 yrs,not disclosed,data scientist
288,289,data scientist,ispatial techno solutions pvt ltd.,hyderabad,4-10 yrs,not disclosed,"c++,ms sql,data modeling,mysql,olap,oracle,business intelligence,middleware"
289,290,junior data scientist,soothsayer analytics,hyderabad,1-6 yrs,not disclosed,"computer science,prototype,analytical,machine learning,perl,open source,ruby,analytics"
290,291,senior data scientist,innovaccer,noida,3-4 yrs,not disclosed,"analytical,artificial intelligence,machine learning,healthcare,genetics,life sciences,continuous improvement,analytics"
291,292,data scientist,venturewise pvt ltd.,hyderabad,2-5 yrs,not disclosed,data scientist
292,293,gen ai -data scientist,xoriant,hybrid - pune,5-9 yrs,not disclosed,"open ai,generative ai,natural language processing,llm,python,processing,data,languages"
293,294,lead data scientist,birlasoft,hybrid - pune,8-10 yrs,not disclosed,"data science,natural language processing,machine learning,deep learning,computer vision,azure machine learning,python,science"
294,295,ai developer,collabera,"mumbai, mumbai suburban, mumbai (all areas)",5-10 yrs,not disclosed,"azure,llm,devops,python,microsoft azure,development,artificial intelligence"
295,296,data scientst,pivot human capital,mumbai,5-6 yrs,not disclosed,"computer science,data analysis,wealth management,data science,data modeling,hypothesis testing,data visualization,analytics"
296,297,data scientist,client of connexion group,hyderabad,6-11 yrs,25-35 lacs pa,"data science,cloud sql,bigquery,data analytics,performance tuning,query writing,science,query"
297,298,data science engineer,thurs tech,hyderabad,3-5 yrs,20-30 lacs pa,"data science,tensorflow,machine learning,python,machine,science,data"
298,299,principal data scientist,pega,bengaluru,6-11 yrs,not disclosed,"python,gen ai,java,chatgpt,agents. code interpreter,rag,embedding models,machine learning"
299,300,data scientist,ericsson,noida,5-15 yrs,not disclosed,"text mining,web analytics,architecture,data science,neural networks,big data analytics,artificial intelligence,machine learning"
300,301,data scientist,adidas,gurugram,4-9 yrs,not disclosed,"data analysis,image processing,coding,analytical,social media,econometrics,operations,analytics"
301,302,"senior engineer, data scientist","wood group pratt & whitney industrial turbine services, llc",bengaluru,5-10 yrs,not disclosed,"c#,matlab,master data,python,c++,data processing,power bi,dbms"
302,303,data architecture and modeling,tata consultancy services (tcs),"indore, nagpur",7-11 yrs,not disclosed,"database design,snowflake db,data architecture,data modeling,etl,informatica,talend,db"
303,304,experienced data scientist,volvo financial services,bengaluru,3-8 yrs,not disclosed,"powertrain,automation,c++,mechatronics,simulation,construction equipment,engineering manager,simulink"
304,305,data scientist ii,honeywell,bengaluru,3-5 yrs,not disclosed,"nosql,machine learning,hypothesis testing,natural language processing,stakeholder management,operations,analytics,sql"
305,306,data scientist rwe,novo nordisk,bengaluru,6-11 yrs,not disclosed,"medical affairs,data analysis,claims,sas,analytical,project management,healthcare,life sciences"
306,307,data scientist,adani group,ahmedabad,2-5 yrs,not disclosed,"algorithms,applied mathematics,python,analytical,scala,probability,data mining,neural networks"
307,308,lead data scientist,honeywell,bengaluru,7-9 yrs,not disclosed,"computer science,automation,enterprise architecture,machine learning,workflow,information management,open source,analytics"
308,309,data scientist,ericsson,noida,5-7 yrs,not disclosed,"text mining,architecture,web analytics,gcp,neural networks,artificial intelligence,machine learning,forecasting"
309,310,"data scientist - python, sql- gurgoan phase - iii",team plus staffing solution,gurugram(sector-3a gurgaon),5-10 yrs,10-20 lacs pa,"data science,cloud,ml,sql,python,data scientist,azur,deep learning"
310,311,data scientist,nokia,noida,5-9 yrs,not disclosed,"telecom,data analysis,analytical,machine learning,data collection,microsoft azure,natural language processing,business intelligence"
311,312,data scientist ii,honeywell,"greater noida, bengaluru",4-6 yrs,not disclosed,"analytical skills,electrical engineering,system architecture,analytical,focus,performance analyst,performance analysis,scientist ii"
312,313,data scientist,siemens,gurugram,2-6 yrs,not disclosed,"data analysis,statistical analysis,data science,machine learning,siemens,programming,model development,statistics"
313,314,data scientist - machine learning,rpa infotech,gurugram,2-7 yrs,not disclosed,"computer science,operations research,data science,bfsi,network analysis,machine learning,social networking,natural language processing"
314,315,data scientist,infimetrics info solutions,remote,3-8 yrs,not disclosed,"hive,data analysis,excel,data science,spark,machine learning,php,html"
315,316,junior data scientist,adidas,gurugram,1-6 yrs,not disclosed,"business administration,data analysis,data modeling,analytical,brand marketing,machine learning,data visualization,analytics"
316,317,data scientist,orange business services,gurugram,2-7 yrs,not disclosed,"deep learning,c++,automation,machine learning,scala,predictive modeling,technical support,monitoring"
317,318,data scientist,times internet,noida,3-8 yrs,not disclosed,"computer science,deep learning,spark,machine learning,hadoop,programming,manager technology,big data"
318,319,manager- ml ops,adidas,gurugram,4-9 yrs,not disclosed,"computer science,microstrategy,automation,consulting,machine learning,agile,data quality,monitoring"
319,320,data scientist,nestle,gurugram,2-4 yrs,not disclosed,"machine learning,data collection,data visualization,data,collections,machine"
320,321,data scientist,xebia academy global,remote,8-10 yrs,not disclosed,"mining,text mining,logistic regression,machine learning,data mining,open source,continuous improvement,forecasting"
321,322,agile coach,xebia academy global,remote,8-10 yrs,not disclosed,"mining,text mining,logistic regression,machine learning,data mining,open source,continuous improvement,forecasting"
322,323,agile (safe) coach,xebia academy global,remote,8-10 yrs,not disclosed,"mining,text mining,logistic regression,machine learning,agile,data mining,open source,forecasting"
323,324,senior data scientist,prismforce,"kolkata, mumbai, pune, bengaluru",5-9 yrs,not disclosed,"product management,it services,supply chain,erp,automation,analytical,machine learning,forecasting"
324,325,"senior associate, data scientist",bny mellon,pune,2-3 yrs,not disclosed,"data science,banking,programming,manager technology,management,analytics,financial services,science"
325,326,data scientist,bmc software,pune,8-10 yrs,not disclosed,"data science,r,pytorch,scikit-learn,data mining,tableau,statistical analysis,machine learning"
326,327,sr data scientist,bmc software,pune,3-8 yrs,not disclosed,"python,tensorflow,data analysis,data manipulation,data mining,pytorch,machine learning,sql"
327,328,"associate, data scientist ii",bny mellon,pune,3-5 yrs,not disclosed,"unix,spring boot,bloomberg,coding,spark,diversity and inclusion,shell scripting,scala"
328,329,data scientist,hilti,pune,2-5 yrs,not disclosed,"computer science,data analysis,version control,social media,machine learning,agile,data quality,forecasting"
329,330,xoriant_gen ai_5 to 12 years_pune !,xoriant,hybrid - pune,5-10 yrs,not disclosed,"genai,generative ai,prompt engineer,llm,machine learning,tensorflow,pytorch,gen ai"
330,331,senior data scientist,wolters kluwer - medknow publications,"kalyani, pune",6-8 yrs,not disclosed,"computer science,linux,production support,coding,shell scripting,machine learning,data structures,analytics"
331,332,data scientist,mega hr consultant,mumbai (all areas),0-2 yrs,not disclosed,"natural language processing,dl,ml,processing,languages,process,data"
332,333,data scientist - phd only,anurag electronic gujarat,mumbai,0-2 yrs,12-15 lacs pa,"natural language processing,phd,deep learning,data science,science,processing,languages,process"
333,334,sr applied data scientist -retail - bangalore,client of firm,bengaluru,3-8 yrs,18-22.5 lacs pa,"data science,python,sql,pricing analysis,regression,data scientist,forecasting,modeling"
334,335,data scientist,shriram city (scuf),bengaluru,3-8 yrs,not disclosed,"artificial intelligence,natural language processing,machine learning,sql,generative ai,deep learning,process,processing"
335,336,data scientist,dotdash meredith,bengaluru,5-9 yrs,not disclosed,"data science,gcp,machine learning,programming,mathematics,scientist 1,predictive analytics,statistics"
336,337,data scientist,myntra,bengaluru,2-4 yrs,not disclosed,"nosql,machine learning,performance testing,scm,troubleshooting,forecasting,monitoring,sql"
337,338,data scientist / lead data scientist,hiring for client and industry is it services & consulting,"chennai, delhi / ncr, bengaluru",3-8 yrs,not disclosed,"data science,jupyter notebooks,big query,ml platforms google cloud,machine learning,python,ml,sql"
338,339,data scientist - weekend virtual drive - 4th may,ltimindtree,"hybrid - pune, chennai, bengaluru",6-11 yrs,not disclosed,"data science,natural language processing,machine learning,deep learning,python,statistical modeling,processing,data"
339,340,principal data scientist(computer vision),oceaneering international,"hybrid - chandigarh, pune",7-12 yrs,not disclosed,"pytorch,algorithm development,image processing,computer vision,tensorflow,object detection,opencv,azure machine learning"
340,341,data scientist- statistics,course5 intelligence,"hybrid - gurugram, bengaluru, mumbai (all areas)",3-7 yrs,not disclosed,"logistic regression,time series analysis,statistical modeling,python,predictive analytics,predictive,time,logistics"
341,342,leadership role - data science ( retail analytics ) : ( only females ),leading client of pylon consulting,"hybrid - kolkata, west bengal, bangalore rural, karnataka, mumbai (all areas)",8-12 yrs,not disclosed,"python,data science,cloud platforms,machine learning,retail analytics,gcp,machine learning frameworks,aws"
342,343,senior data scientist databricks,course5 intelligence,"mumbai, gurugram, coimbatore, bengaluru",7-12 yrs,not disclosed,"time series analysis,python,sas,natural language processing,data mining,glm,svm,machine learning"
343,344,data scientist llm & genai,course5 intelligence,"mumbai, gurugram, coimbatore, bengaluru",5-10 yrs,not disclosed,"microsoft azure services,algorithms,python,cloud services,github,natural language processing,microsoft azure,machine learning"
344,345,data scientist,course5 intelligence,"mumbai, gurugram, coimbatore, bengaluru",4-8 yrs,not disclosed,"computer vision,deep learning,data analysis,graphic designing,machine learning,programming,healthcare,deployment"
345,346,data scientist,course5 intelligence,"mumbai, gurugram, coimbatore, bengaluru",4-8 yrs,not disclosed,"deep learning,primary research,machine learning,healthcare,deployment,statistics,sql,python"
346,347,data scientist - gcp,course5 intelligence,"gurugram, bengaluru, mumbai (all areas)",3-8 yrs,15-25 lacs pa,"data science,gcp,natural language processing,google cloud platforms,machine learning,statistical modeling,google cloud services,process"
347,348,data scientist,superior electric machines,"mumbai, chennai, bengaluru",9-14 yrs,not disclosed,"python,hive,scenario analysis,data mining,hadoop,statistical models,data scientist,spark"
348,349,data science,course5 intelligence,"gurugram, bengaluru, mumbai (all areas)",4-7 yrs,not disclosed,"data science,machine learning,logistic regression,time series,science,machine,time,logistics"
349,350,principal data scientist | machine learning | nlp,hiring for client and industry is it services & consulting,"mumbai, chennai, bengaluru",3-8 yrs,not disclosed,"machine learning,panda,lstm,native app development,ios core image,matplot lib,numpy,llm"
350,351,senior data scientist,dhurin,"noida, mumbai, bengaluru",5-9 yrs,not disclosed,"data analysis,operations research,version control,sas,gcp,machine learning,healthcare,financial services"
351,352,data scientist - cpg/mmm,course5 intelligence,"hybrid - bangalore rural, gurugram, mumbai (all areas)",3-6 yrs,not disclosed,"marketing mix modelling,statistical modeling,mmm,machine learning,python,data science,predictive modeling,classification"
352,353,data scientist,tata industries limited-tata insights and quants divison,"mumbai, jamshedpur, bengaluru",2-7 yrs,not disclosed,"data analysis,data management,html,http,information management,data mining,econometrics,information technology"
353,354,data scientist,customerxps software,"mumbai, bengaluru",12-15 yrs,not disclosed,"machine learning,data collection,data visualization,data,collections,machine"
354,355,data scientist,golden opportunities,mumbai,6-9 yrs,not disclosed,"data science,cloud computing,pyspark,machine learning,forecasting,python,data,cloud"
355,356,data scientist,rpg communications holdings,mumbai,5-7 yrs,not disclosed,"unix,data analysis,linux,dms,apache,big data,aws,unix shell scripting"
356,357,data scientist,netcore cloud,"mumbai, bengaluru",3-7 yrs,not disclosed,"c++,product engineering,nosql,business analytics,artificial intelligence,mysql,machine learning,mongodb"
357,358,data scientist req:1714,clairvoyant india,"hybrid - gurugram, bengaluru",3-6 yrs,not disclosed,"numpy,pandas,python,nlp,machine learning,scikit-learn,machine,natural language processing"
358,359,data scientist,vantageiq technologies opc,"bangalore rural, chennai",2-6 yrs,not disclosed,"credit risk,credit risk modelling,aws,python,data,credit,modeling,risk modeling"
359,360,snowflake architecture,jobworld,bengaluru,14-16 yrs,35-40 lacs pa,"aws data lake,architecture,aws cloud,snowflake,data warehousing,amazon s3,aws glue,aws data services"
360,361,data scientist,paypal,chennai,5-10 yrs,not disclosed,"analytical skills,data analysis,executive,underwriting,commerce,data analyst,credit risk,risk management"
361,362,data scientist 2,paypal,bengaluru,6-10 yrs,not disclosed,"interpersonal skills,quantitative research,analytical,underwriting,credit risk management,commerce,credit risk,risk management"
362,363,principal data scientist,gojek,gurugram,8-16 yrs,not disclosed,"career development,data analysis,due diligence,financial inclusion,project management,machine learning,financial services,recruitment"
363,364,data scientist - 4 openings,r systems international,hybrid - noida,3-7 yrs,not disclosed,"data science,data scientist,artificial intelligence,machine learning,data,science,intelligence,machine"
364,365,principal data scientist,tokopedia,gurugram,12-20 yrs,not disclosed,"career development,data analysis,due diligence,financial inclusion,project management,machine learning,financial services,recruitment"
365,366,data scientist,kla tencor,chennai,4-8 yrs,not disclosed,"supply chain,data analysis,business analytics,machine learning,predictive modeling,customer service,data mining,semiconductor manufacturing"
366,367,data scientist,photon,chennai,4-8 yrs,not disclosed,"deep learning,coding,gcp,cloud services,machine learning,programming,data structures,natural language processing"
367,368,data scientist,paypal,chennai,4-8 yrs,not disclosed,"operations research,sas,quantitative research,operational risk,analytical,credit risk,data mining,analytics"
368,369,data scientist intern(1),blubirch,bengaluru,3 months duration,unpaid,na
369,370,data scientist,data collection infotech,bengaluru,0-4 yrs,not disclosed,"logistic regression,data analysis,client servicing,trend analysis,data mining,individual contributor,sql,python"
370,371,data scientist,akaike technologies,bengaluru,0-6 yrs,not disclosed,"deep learning,data analysis,git,analytical,mysql,machine learning,data visualization,data mining"
371,372,computational epidemiology intern,artpark,bengaluru,no fixed duration,unpaid,na
372,373,data scientist trainee,wahy lab solutions,ernakulam,0-1 yrs,not disclosed,"computer science,nosql,data science,database management,analytical,programming,scientist trainee,mathematics"
373,374,product data scientist,sundial,bengaluru,0-7 yrs,not disclosed,"economics,analytical,programming,statistics,data,program,analytics"
374,375,data scientist,citriot,bengaluru,0-2 yrs,not disclosed,"computer vision,c++,image processing,memory management,neural networks,mysql,machine learning,stored procedures"
375,376,data scientist (pst hours),quinstreet software india,"hybrid - mumbai, pune, bengaluru",5-8 yrs,not disclosed,"data scientist,machine learning,python,data,machine"
376,377,data scientist - python + api,ltimindtree,"hybrid - pune, bangalore rural, chennai",6-11 yrs,not disclosed,"generative ai,data scientist,natural language processing,api,python,artificial intelligence,languages,process"
377,378,data scientist/ ml engineer -- us mnc (analytics),us mnc (analytics),"hybrid - pune, gurugram, bengaluru",5-10 yrs,20-35 lacs pa,"python,tensorflow,predictive modeling,devops ci cd,neural networks,image recognition,ml flow,machine learning"
378,379,data scientist,ltimindtree,"hybrid - pune, chennai, bengaluru",5-8 yrs,not disclosed,"data science,pytorch,tensorflow,data engineering,cloud,ai,numpy,ml"
379,380,data scientist,ltimindtree,"hybrid - pune, chennai, bengaluru",5-10 yrs,not disclosed,"data science,machine learning,pytorch,tensorflow,nlp,ai,time series,ml"
380,381,data scientist,peoplefy infosolutions,pune,2-7 yrs,not disclosed,"data science,machine learning,python,statistical modeling,data,statistics,machine,modeling"
381,382,data scientist,tata technologies,hybrid - pune,3-6 yrs,not disclosed,"nlp,computer vision,python,r,computer,natural language processing,vision,data"
382,383,lead data scientist,reflections info systems,"pune, chennai, bengaluru, thiruvananthapuram",10-12 yrs,not disclosed,"computer vision,automation,team management,orchestration,data science,project management,artificial intelligence,machine learning"
383,384,data science engineer,cybage,pune,10-14 yrs,not disclosed,"data science,spark,scala,data processing,airflow,kafka,pyspark,software engineering"
384,385,project associate - data scientist,searchends,pune,2-7 yrs,6-8 lacs pa,"data scientist,mathematical modelling,data science,science,modeling,mathematics,project,data"
385,386,data scientist,fusemachines,pune,3-7 yrs,not disclosed,"advanced analytics,gcp,data modeling,consulting,machine learning,data collection,data mining,big data"
386,387,senior data scientist,oceaneering international,pune,4-9 yrs,not disclosed,"unix,procurement,automation,c++,prototype,linux,aerospace,analytical"
387,388,principal data scientist,oceaneering international,pune,7-12 yrs,not disclosed,"unix,procurement,automation,c++,prototype,linux,aerospace,analytical"
388,389,data science engineer,cybage,pune,10-14 yrs,not disclosed,"data science,scala,data processing,airflow,kafka,strategic planning,pyspark,software engineering"
389,390,data scientist,intellect design arena,pune,3-8 yrs,not disclosed,"computer vision,deep learning,esp,opencv,data structures,transformers,python,vision"
390,391,generative ai engineer/data scientist,quinnox,"hybrid - mumbai, bengaluru",8-13 yrs,not disclosed,"langchain,llms,python,generative ai engineer,azure functions,nemo guardrails,nemo,microsoft azure"
391,392,sr. data scientist,ergode it services,mumbai (all areas),15 may - 17 may,5-9 lacs pa,"data science,r,mysql,hadoop,kafka,spark,python,data"
392,393,senior data scientist,netflix,mumbai,3-8 yrs,not disclosed,"hive,content strategy,basic,spark,analytical,consumer insights,predictive modeling,analytics"
393,394,data scientist,equifax credit information services private limited,bengaluru,3-5 yrs,not disclosed,"computer science,operations research,analytical,machine learning,algorithm development,data structures,healthcare,test cases"
394,395,data scientist,equifax credit information services private limited,bengaluru,4-9 yrs,not disclosed,"stress testing,team management,coding,bfsi,analytical,risk modeling,healthcare,credit risk"
395,396,iam data scientist /analyst,iote technologies,bengaluru,4-6 yrs,not disclosed,"analyst,automation,cyber security,django,splunk,management,sql,python"
396,397,data scientist/ gen ai - us mnc (analytics),us mnc (analytics),hybrid - bengaluru,3-7 yrs,15-25 lacs pa,"python,tensorflow,predictive modeling,algorithm development,generative ai,artificial intelligence,natural language processing,neural networks"
397,398,principal data scientist,itc infotech,bengaluru,7-12 yrs,not disclosed,"data science,data management,analytical,machine learning,analytics,monitoring,principal,data"
398,399,sr. data scientist,itc infotech,bengaluru,5-8 yrs,not disclosed,"artificial intelligence,conceptualization,model development,deployment,research,open source,continuous improvement,monitoring"
399,400,data scientist,venpa staffing,"hybrid - bangalore rural, chennai",2-5 yrs,not disclosed,"statistical modeling,machine learning,python,sql,classification,risk modeling,analytics,data"
